"System";"Site";"Start_Date";"End_Date";"Logger_ID";"Orientation";"Direction";"Vertical_location";"Ch_0";"Ch_7";"Vegetation_cover_edge_ch";"Dominant_veg";"Weather";"Rain";"Moon_phase";"T_ch0_set_C";"T_mid_set_C";"T_ch7_set_C";"DO_ch0_set_AS";"DO_mid_set_AS";"DO_ch7_set_AS";"pH_ch0_set";"pH_mid_set";"pH_ch7_set";"Conductivity_ch0_set_uS";"Conductivity_mid_set_uS";"Conductivity_ch7_set_uS";"Depth_ch0_set_cm";"Depth_mid_set_cm";"Depth_ch7_set_cm";"Turbidity_set_NTU";"T_ch0_retr_C";"T_mid_retr_C";"T_ch7_retr_C";"DO_ch0_retr_AS";"DO_mid_retr_AS";"DO_ch7_retr_AS";"pH_ch0_retr";"pH_mid_retr";"pH_ch7_retr";"Conductivity_ch0_retr_uS";"Conductivity_mid_retr_uS";"Conductivity_ch7_retr_uS";"Depth_ch0_retr_cm";"Depth_mid_retr_cm";"Depth_ch7_retr_cm";"Turbidity_retr_NTU";"t_first_rec_start";"t_last_rec_end";"Recorded_dur_h";"Gain_factor";"Extraction_Threshold";"events_thresh";"BP_FFT_high_cutoff";"GPS_UTM_36M_East";"GPS_UTM_36M_North";"Notes";"t_meas_set";"t_meas_retr"
"JR";"JR1";2023-10-11;2023-10-13;"L5";"Horizontal";"Orthogonal";"Middle";"Shore";"Open";2;"Papyrus, Grass";NA;"yes";NA;21,2;21,2;21,2;75,8;79,6;79,9;4,82;4,78;4,89;24;27;27;97;33;24;NA;20,8;20,8;21;70;73,1;73,8;4,66;4,78;5,02;26;26;26;86;58;24;9,82;45210,385462963;45211,7535416667;32,8338888888247;10;"5.0000000000000001E-3";"0.01";"13kHz";374592;9959763;NA;2023-10-11 09:17:20;2023-10-13 08:22:00
"JR";"JR1";2023-10-16;2023-10-18;"L5";"Horizontal";"Orthogonal";"Middle";"Shore";"Open";2;"Papyrus, Grass";NA;NA;NA;22,9;23,2;23,3;84,5;85,8;88,1;5,59;5,72;5,65;27;27;29;92;63;26;9,54;21,2;20,9;20,9;58,2;75,3;75,5;4,75;4,74;4,75;26;26;26;47;68;31;10,42;45215,4291898148;45216,6653125;29,6669444444706;10;"5.0000000000000001E-3";"0.01";"13kHz";374592;9959763;NA;2023-10-16 10:07:40;2023-10-18 09:20:00
"JR";"JR1";2023-10-23;2023-10-25;"L5";"Horizontal";"Orthogonal";"Middle";"Shore";"Open";2;"Papyrus, Grass";NA;NA;NA;23,6;22,4;22,6;57,4;77,7;78,4;6,18;4,84;5,12;20;21;21;38;73;32;10,2475;21,4;21,5;21,4;54,4;57,2;60,2;5,27;4,83;4,58;23;21;22;47;99;30;16,3;45222,4213541667;45223,4421990741;24,5002777777263;10;"5.0000000000000001E-3";"0.01";"13kHz";374592;9959763;"Electrode cable completely parallel to L6 because of higher current";2023-10-23 10:00:00;2023-10-25 09:01:40
"JR";"JR1";2023-10-30;2023-11-01;"L5";"Horizontal";"Orthogonal";"Middle";"Shore";"Open";2;"Papyrus, Grass";NA;NA;NA;23,7;22,8;22,7;72,1;76;75,9;5,58;4,97;4,71;23;22;22;113;97;29;11,925;21,5;21,2;21,2;72,1;75,5;75,3;5,35;4,77;4,73;21;20;20;103;90;30;8,8775;45229,4472106481;45230,4958333333;25,1669444444706;10;"5.0000000000000001E-3";"0.01";"13kHz";374592;9959763;NA;2023-10-30 10:43:20;2023-11-01 09:13:00
"JR";"JR1";2023-11-06;2023-11-08;"L5";"Horizontal";"Orthogonal";"Middle";"Shore";"Open";2;"Papyrus, Grass";NA;NA;NA;23,6;23,3;23,1;74,9;78,5;81,4;5,5;5,54;4,68;20;19;19;105;93;37;16,625;21,3;21,5;21,8;56,5;60,6;63,5;4,88;4,97;5,3;21;21;21;139;109;51;31,8;45236,4618402778;45237,7743634259;31,5005555555108;10;"5.0000000000000001E-3";"0.01";"13kHz";374592;9959763;NA;2023-11-06 11:00:00;2023-11-08 09:26:00
"JR";"JR1";2023-11-13;2023-11-15;"L5";"Horizontal";"Orthogonal";"Middle";"Shore";"Open";2;"Papyrus, Grass";NA;NA;NA;21,9;21,9;21,9;60,9;60;61,7;5,02;4,86;4,68;23;23;22;148;117;60;29,4;22,7;22,5;22,4;57,8;59,8;61,3;5,1;4,86;4,68;19;19;18;149,5;117;59;22,075;45243,4732175926;45244,7926851852;31,6672222223715;10;"5.0000000000000001E-3";"0.01";"13kHz";374592;9959763;"Long pulses were not detected - re-ran detection with new parameters";2023-11-13 11:22:00;2023-11-15 09:44:00
"JR";"JR1";2023-11-20;2023-11-22;"L5";"Horizontal";"Orthogonal";"Middle";"Shore";"Open";2;"Papyrus, Grass";NA;NA;NA;25,2;24;23,4;66,3;72,2;77;4,72;4,66;4,75;21;21;20;154;144;49;21,35;23,3;23,2;23,1;63,8;64,6;71,1;4,56;4,62;4,63;20;20;20;156;147;67;17,675;45250,5026736111;45251,780462963;30,6669444444124;10;"5.0000000000000001E-3";"0.01";"13kHz";374592;9959763;NA;2023-11-20 11:52:00;2023-11-22 11:10:20
"JR";"JR1";2023-11-25;2023-11-27;"L5";"Horizontal";"Orthogonal";"Middle";"Shore";"Open";2;"Papyrus, Grass";NA;NA;NA;23,4;23;22,9;50,7;56,3;60,7;5,19;4,59;4,4;21;20;20;149;186;67;20,175;22,4;22,4;22,3;57,1;61,3;64,4;5,02;4,2;4,3;21;21;20;141;133;63;17,75;45255,4372453704;45256,7428125;31,3336111111566;10;"5.0000000000000001E-3";"0.01";"13kHz";374592;9959763;NA;2023-11-25 10:11:40;2023-11-27 09:38:40
"JR";"JR1";2023-10-11;2023-10-13;"L6";"Horizontal";"Parallel";"Middle";"Shore";"Open";7;"Papyrus, Grass";NA;"yes";NA;21,3;21,3;21,3;77,7;77,4;76,2;4,71;4,71;4,72;27;27;26;111;123;126;NA;20,7;20,6;20,6;71,1;69,7;70,7;4,54;4,58;4,52;26;26;26;95;100;100;NA;45210,4062962963;45211,7048842593;31,1661111109424;10;"5.0000000000000001E-3";"0.01";"13kHz";374592;9959763;NA;2023-10-11 09:24:00;2023-10-13 08:24:20
"JR";"JR1";2023-10-16;2023-10-18;"L6";"Horizontal";"Parallel";"Middle";"Shore";"Open";NA;"Papyrus, Grass";NA;NA;NA;22,8;22,6;22,6;85,8;82,9;84,4;5,64;5,67;5,69;27;27;27;98;106;105;NA;21;20,9;20,9;67,2;72,5;70,5;4,61;4,82;4,87;26;26;26;43;100;114;NA;45215,4289699074;45216,7414467593;31,4994444444892;10;"5.0000000000000001E-3";"0.01";"13kHz";374592;9959763;NA;2023-10-16 10:11:40;2023-10-18 09:20:00
"JR";"JR1";2023-10-23;2023-10-25;"L6";"Horizontal";"Parallel";"Middle";"Shore";"Open";NA;"Papyrus, Grass";NA;NA;NA;22,4;22,3;22,3;77,3;76,8;76,6;4,84;4,88;4,83;20;21;21;99;95;119;NA;21,4;21,5;21,5;58,8;60,9;60;4,68;4,64;4,63;22;22;22;45;93;74;NA;45222,4202662037;45222,5938541667;4,16611111111706;10;"5.0000000000000001E-3";"0.01";"13kHz";374592;9959763;NA;2023-10-23 10:05:00;2023-10-25 09:06:40
"JR";"JR1";2023-10-30;2023-11-01;"L6";"Horizontal";"Parallel";"Middle";"Shore";"Open";NA;"Papyrus, Grass";NA;NA;NA;22,5;22,4;22,4;74,2;72,9;73,5;4,66;4,67;4,74;22;22;22;120;106;138;NA;21,2;21,2;21,2;74,9;74;76,2;4,83;4,76;4,76;20;20;20;99;102;131;NA;45229,4475694444;45230,4684027778;24,5000000000582;10;"5.0000000000000001E-3";"0.01";"13kHz";374592;9959763;"Lost time, correlated with L5 file, new first timestamp: 30/10/2023  10:44:30";2023-10-30 10:48:00;2023-11-01 09:16:00
"JR";"JR1";2023-11-06;2023-11-08;"L6";"Horizontal";"Parallel";"Middle";"Shore";"Open";NA;"Papyrus, Grass";NA;NA;NA;23,3;23,1;23;78,1;78,4;79,9;4,78;4,91;5,1;19;19;19;114;109;89;NA;21,2;21,1;21;58,6;59,7;59,7;4,87;4,91;4,96;21;21;21;132;128;144;NA;45236,4677314815;45237,7316203704;30,3333333333721;10;"5.0000000000000001E-3";"0.01";"13kHz";374592;9959763;"Lost time, correlated with L5 file, new first timestamp: 06/11/2023  11:13:32";2023-11-06 11:13:00;2023-11-08 09:29:40
"JR";"JR1";2023-11-13;2023-11-15;"L6";"Horizontal";"Parallel";"Middle";"Shore";"Open";NA;"Papyrus, Grass";NA;NA;NA;22,5;22,2;22;60,3;60,4;60,8;5,46;5,38;4,87;23;22;22;125;164;110;NA;22,4;22,4;22,3;59,7;60,2;59,7;4,7;4,71;4,73;18;18;18;147;174;170;NA;45243,4777777778;45244,7555324074;30,6661111110589;10;"5.0000000000000001E-3";"0.01";"13kHz";374592;9959763;NA;2023-11-13 11:18:40;2023-11-15 09:53:00
"JR";"JR1";2023-11-20;2023-11-22;"L6";"Horizontal";"Parallel";"Middle";"Shore";"Open";NA;"Papyrus, Grass";NA;NA;NA;24,5;23,6;23,4;74,4;70,7;74,3;5,83;5,01;4,66;20;21;21;81;144;116;NA;23,1;23,1;23,1;66,1;67,1;65,6;4,65;4,67;4,68;19;20;20;189;152;175;NA;45250,5026967593;45251,7387847222;29,6661111111171;10;"5.0000000000000001E-3";"0.01";"13kHz";374592;9959763;NA;2023-11-20 12:03:00;2023-11-22 11:16:20
"JR";"JR1";2023-11-25;2023-11-27;"L6";"Horizontal";"Parallel";"Middle";"Shore";"Open";NA;"Papyrus, Grass";NA;NA;NA;22,9;22,9;22,9;58,1;57,6;57,5;4,43;4,61;5,2;19;20;21;174;163;155;NA;22,3;22,3;22,3;61,7;62,4;61,2;4,26;4,28;4,29;20;20;20;178;168;149;NA;45255,4375925926;45256,6945138889;30,1661111111753;10;"5.0000000000000001E-3";"0.01";"13kHz";374592;9959763;NA;2023-11-25 10:27:00;2023-11-27 09:44:20
"JR";"JR2";2023-11-25;2023-11-27;"L12";"Horizontal";"Parallel";"Middle";"Shore";"Open";NA;"Papyrus, Grass";NA;NA;NA;23,5;23,2;23,1;59,8;61,2;61,5;5,68;5,42;4,84;20;20;20;41;57;65;NA;22,7;22,5;22,5;63,1;64,1;64,4;5,26;4,85;4,57;21;20;19;45;63;75;NA;45255,4532291667;45257,0226851852;37,6669444443542;10;"5.0000000000000001E-3";"0.01";"13kHz";374591;9959822;NA;2023-11-25 10:43:40;2023-11-27 09:58:40
"LN";"LN13";2023-11-20;2023-11-22;"L12";"Horizontal";"Orthogonal";"Below_surface";"Shore";"Open";NA;NA;NA;NA;NA;28,9;28,2;27,1;93,6;92,4;95,7;6,12;5,64;5,48;19;19;19;200;200;200;NA;24,7;24,8;24,7;81,1;83,6;86,4;6,55;6,26;6,04;19;19;19;200;200;200;NA;45250,4771643519;45252,0674421296;38,1666666665697;100;"0.02";"0.02";"13kHz";378278;9957271;NA;2023-11-20 11:22:00;2023-11-22 10:35:40
"LN";"LN1";2023-10-09;2023-10-11;"L7";"Horizontal";"Orthogonal";"Below_surface";"Shore";"Open";0;"Papyrus";NA;NA;NA;27,8;28,9;29,3;94,7;95,2;97,7;5,3;4,9;4,8;22;22;22;58;75;106;NA;25,2;25;24,6;56,5;61,1;62,1;5,38;4,92;4,96;23;22;23;57;84;85;NA;45208,4781828704;45209,7420949074;30,3338888888829;100;"0.02";"0.02 + 0.04";"13kHz";373860;9959143;"High cutoff 13kHz -> Noise detected, clean up events";2023-10-09 11:15:00;2023-10-11 09:50:00
"LN";"LN14";2023-11-25;2023-11-27;"L7";"Vertical";"Point";"Range";"Open_Surface";"Open_Ground";NA;NA;NA;NA;NA;25,4;NA;25,5;96,1;NA;92,4;5,08;NA;NA;19;NA;NA;350;NA;NA;8,67;24,5;NA;24,6;90,1;NA;89,3;5,42;NA;NA;19;NA;NA;350;NA;NA;7,74;45255,3939583333;45256,7064814815;31,5005555555108;100;"0.02";"0.02";"13kHz";378529;9960571;"tried with 0.01 thresholds, only more noise";2023-11-25 09:04:30;2023-11-27 08:49:30
"LN";"LN2";2023-10-16;2023-10-18;"L7";"Horizontal";"Orthogonal";"Below_surface";"Shore";"Open";7;"Miscanthidium, Lillies";NA;"yes";NA;26,6;26,4;26,8;8,8;42,6;37,3;5,3;5,1;5,05;29;23;23;200;175;182;6,76;25,5;25,7;25,8;21,6;93,9;56,7;5,86;5,13;5,21;26;25;24;59;200;182;9,93;45215,4001967593;45216,7266087963;31,8338888890576;100;"0.02";"0.02 + 0.04";"13kHz";374320;9957429;"water lillies, heavy rain";2023-10-16 09:27:40;2023-10-18 08:51:00
"LN";"LN3";2023-10-23;2023-10-25;"L7";"Horizontal";"Orthogonal";"Below_surface";"Shore";"Open";NA;NA;NA;NA;NA;25,2;25,7;25,7;63,8;72;76,6;6,06;6,12;6,05;21;22;23;68;83;89;9,98;25;25,1;25,3;52,3;49,8;47,2;5,23;5,19;5,25;21;20;21;69;78;89;10,74;45222,3982060185;45223,4676736111;25,6672222223715;100;"0.02";"0.02";"13kHz";374584;9959720;"Some EODs not detected - check!";2023-10-23 09:20:00;2023-10-25 08:44:20
"LN";"LN4";2023-10-30;2023-11-01;"L7";"Horizontal";"Orthogonal";"Below_surface";"Shore";"Open";NA;NA;NA;NA;NA;27,1;26,5;26,3;59,6;63,8;62,4;5,76;5,43;5,1;24;25;23;95;93;109;10,1875;25,1;25,8;26,1;41,4;41,4;48,8;4,85;5,62;5,76;23;23;23;82;101;111;8,5375;45229,4270138889;45230,4964583333;25,6666666666861;100;"0.02";"0.02";"13kHz";374467;9959722;"Lost time, correlated to L8 file, new_first_timestamp: 30/10/2023 10:14";2023-10-30 10:02:40;2023-11-01 09:01:40
"LN";"LN6";2023-11-06;2023-11-08;"L7";"Horizontal";"Orthogonal";"Below_surface";"Shore";"Open";NA;NA;NA;NA;NA;24,9;25,1;25,2;69,6;69,3;68,7;5,37;5,59;5,6;22;22;22;63;110;123;NA;23,9;24,1;24,2;71,9;69;68,4;5,96;6,09;6,04;22;21;21;63;110;119;NA;45236,404837963;45237,7451388889;32,1672222222551;100;"0.02";"0.02";"13kHz";381086;9962037;NA;2023-11-06 09:40:40;2023-11-08 08:32:20
"LN";"LN7";2023-11-13;2023-11-15;"L7";"Horizontal";"Orthogonal";"Below_surface";"Shore";"Open";NA;NA;NA;NA;NA;24;24,6;24,4;64,5;66,9;64,9;5,01;5,82;5,34;21;21;21;64;78;105;9,3225;25,5;25,4;25,3;37;51,1;55,4;5,73;5,88;5,35;22;21;21;59;78;97;9,105;45243,4347337963;45244,7819791667;32,3338888889411;100;"0.02";"0.02";"13kHz";379010;9962442;NA;2023-11-13 10:19:20;2023-11-15 09:00:00
"LN";"LN9";2023-11-20;2023-11-22;"L7";"Horizontal";"Orthogonal";"Below_surface";"Shore";"Open";NA;NA;NA;NA;NA;25;25,1;25,3;98,1;92,7;99,3;6,03;6,21;6,31;20;19;16;78;85,5;95;7,26;24,6;24,6;24,4;52,1;54,4;53,6;5,19;5,19;5,43;20;21;21;78;85,5;95;9,72;45250,4147800926;45251,762025463;32,3338888889411;100;"0.02";"0.02";"13kHz";376926;9962491;NA;2023-11-20 09:42:00;2023-11-22 09:15:20
"LN";"LN10";2023-11-20;2023-11-22;"L8";"Vertical";"Point";"Range";"Open_Surface";"Open_Ground";NA;NA;NA;NA;NA;27,3;26,9;29,5;98,5;97,2;98,8;5,88;NA;NA;19;NA;NA;410;NA;NA;8,32;24,4;24,6;24,7;66,8;65,3;67,1;4,97;NA;NA;20;NA;NA;410;NA;NA;8,005;45250,4290393519;45251,7484606481;31,6661111110006;100;"0.02";"0.02";"13kHz";376986,5;9962358;"channel 1 goes dead in file L8-20231121T144747 - maybe due to lightning?? The logger had recorded more than 24h before, removed recordings with dead channel.";2023-11-20 10:06:00;2023-11-22 09:23:40
"LN";"LN5";2023-11-06;2023-11-08;"L8";"Horizontal";"Orthogonal";"Below_surface";"Shore";"Open";NA;NA;NA;NA;NA;25;25,1;25,2;68,3;67,5;76,3;5,56;5,45;5,62;22;22;22;94;113;119;9,1925;22,8;23,6;23,9;65,6;68,2;68,8;5,6;5,42;5,47;22;22;21;97;63;124;9,09;45236,3907986111;45237,7171643519;31,8327777778613;100;"0.02";"0.02";"13kHz";381026;9962052;NA;2023-11-06 06:13:00;2023-11-08 08:24:00
"LN";"LN8";2023-11-13;2023-11-15;"L8";"Vertical";"Point";"Range";"Open_Surface";"Open_Ground";NA;NA;NA;NA;NA;24,3;24,4;24,3;85,3;87,1;87,2;5,12;NA;NA;21;NA;NA;300;NA;NA;NA;24,9;24,9;24,8;93,1;83,1;58,9;5,8;NA;NA;20;NA;NA;300;NA;NA;NA;45243,4222453704;45244,7416782407;31,6663888888434;100;"0.02";"0.02";"13kHz";380983;9961970;"almost nothing, weird noise";2023-11-13 09:59:20;2023-11-15 08:42:00
"LN";"LN11";2023-11-20;2023-11-22;"L9";"Horizontal";"Orthogonal";"Below_surface";"Shore";"Open";NA;NA;NA;NA;NA;26,4;25,7;25,3;37,7;48,6;60,1;5,49;4,73;4,73;21;21;20;210;225;210;NA;24,5;24,4;24,4;59,5;62,3;67;5,61;5,39;5,31;19;20;19;210;225;210;NA;45250,4504976852;45251,9921412037;36,999444444431;100;"0.02";"0.02";"13kHz";380078;9958544;NA;2023-11-20 10:41:20;2023-11-22 10:05:40
"LN";"LN16";2023-11-25;2023-11-27;"L9";"Vertical";"Point";"Range";"Open_Surface";"Open_Ground";NA;NA;NA;NA;NA;25,3;NA;25,2;89,6;NA;82,2;6,22;NA;NA;19;NA;NA;230;NA;NA;8,99;25,2;NA;25,1;89;NA;85,3;5,66;NA;NA;19;NA;NA;230;NA;NA;9,525;45255,4109490741;45256,959537037;37,1661111111171;100;"0.02";"0.02";"13kHz";375916;9958544;"tried with 0.01 thresholds, only more noise";2023-11-25 09:40:30;2023-11-27 09:23:30
"LN";"LNI1";2023-10-23;2023-10-25;"L9";"Horizontal";"Orthogonal";"Below_surface";"Shore";"Open";NA;"Papyrus";NA;NA;NA;24,5;25,3;25,3;58,2;77,7;81;5,88;5,65;5,46;22;23;23;95;185;195;NA;25,1;25,3;25,4;65,1;64,6;62,8;6,39;5,83;5,49;23;23;23;104;168;175;NA;45222,3676157407;45223,2287152778;20,6663888889598;100;"0.01+0.02";"0.01+0.02";"13kHz";374619;9959621;NA;2023-10-23 08:50:00;2023-10-25 08:30:20
"LN";"LNI2";2023-10-30;2023-11-01;"L9";"Vertical";"Point";"Range";"Open_Surface";"Open_Ground";NA;NA;NA;NA;NA;25,3;25,4;25,5;24,7;19,8;33,4;5,12;5,43;5,59;25;25;23;210;198;193;NA;24,3;25,2;25,8;8,2;13,1;22,3;5,54;5,61;5,35;26;25;24;35;222;222;NA;45229,393912037;45230,6647337963;30,4997222222155;100;"0.02";"0.02";"13kHz";374705;9959456;NA;2023-10-30 09:30:40;2023-11-01 08:45:00
"LN";"LNI3";2023-11-06;2023-11-08;"L9";"Vertical";"Point";"Range";"Open_Surface";"Open_Ground";NA;NA;NA;NA;NA;27,4;25,9;25,5;99,8;91,2;89;5,84;NA;NA;21;NA;NA;300;NA;NA;NA;24,6;24,5;24,4;84,3;83,2;85,7;5,85;NA;NA;20;NA;NA;300;NA;NA;NA;45236,4530787037;45237,9669444444;36,3327777778613;100;"0.02";"0.02";"13kHz";374819,5;9959335;NA;2023-11-06 10:43:20;2023-11-08 09:10:00
"LN";"LNI4";2023-11-13;2023-11-15;"L9";"Vertical";"Point";"Range";"Open_Surface";"Open_Ground";NA;NA;NA;NA;NA;24,6;24,9;25;90,8;91,8;93;5,44;NA;NA;20;NA;NA;300;NA;NA;NA;25,4;25,4;25,1;97,2;94,6;82,1;5,57;NA;NA;20;NA;NA;300;NA;NA;NA;45243,4584606482;45245,0001157407;36,9997222220991;100;"0.02";"0.02";"13kHz";374886;9959269;NA;2023-11-13 10:55:40;2023-11-15 09:33:00
"PL";"PLS";2023-10-18;2023-10-20;"L9";"Horizontal";"Parallel";"Below_surface";"Open";"Cover";NA;NA;NA;NA;NA;28;NA;27,6;22,7;NA;23,8;3,82;NA;3,31;8;NA;8;38;NA;28;4,585;22;22,1;22,2;10,5;10,4;10,6;3,62;3,62;3,5;8;8;8;51;33;37;2,935;45217,5541550926;45218,3944212963;20,1663888889016;10;"5.0000000000000001E-3";"0.01";"13kHz";382782;9964814;NA;2023-10-18 14:19:00;2023-10-20 09:06:00
"LN";"LN12";2023-11-20;2023-11-22;"L11";"Vertical";"Point";"Range";"Open_Surface";"Open_Ground";NA;NA;NA;NA;NA;29,1;27,8;26,5;99,9;104;79,1;6,37;NA;NA;20;NA;NA;230;NA;NA;NA;24,7;24,7;24,7;88,7;89,7;88,1;5,56;NA;NA;19;NA;NA;230;NA;NA;NA;45250,4609259259;45251,7525810185;30,9997222222737;100;"0.02+0.01";"0.02+0.01";"13kHz";380002,5;9958606;"channel 8 data missing";2023-11-20 11:00:00;2023-11-22 10:15:40
"LN";"LN17";2023-11-25;2023-11-27;"L11";"Horizontal";"Orthogonal";"Below_surface";"Shore";"Open";NA;NA;NA;NA;NA;25,6;25,6;25,6;93;93;93;5,68;5,1;5,13;19;19;19;67;77;84;NA;25;25,1;25,2;80,6;84,6;82,4;5,36;5,53;5,76;20;19;19;72,5;73;85;NA;45255,4878935185;45256,7101041667;29,3330555555876;10;"0.005 + 0.002";"0.01 + 0.002";"13kHz";374826;9960108;"Logger was prepared for River -> only 10x gain";2023-11-25 11:41:20;2023-11-27 10:12:20
"PL";"PLP";2023-10-18;2023-10-20;"L3";"Horizontal";"Orthogonal";"Ground";"Vegetation";"Open";NA;"Miscanthidium";NA;NA;NA;NA;NA;NA;NA;NA;NA;NA;NA;NA;NA;NA;NA;NA;NA;NA;NA;NA;NA;NA;NA;NA;NA;NA;NA;NA;NA;NA;NA;NA;NA;NA;NA;45217,5400462963;45218,8108564815;30,4994444445474;10;"5.0000000000000001E-3";"0.01";"13kHz";382794;9964774;NA;NA;NA
"PL";"PLP";2023-10-25;2023-10-27;"L3";"Horizontal";"Orthogonal";"Ground";"Vegetation";"Open";NA;"Miscanthidium";NA;NA;NA;NA;NA;NA;NA;NA;NA;NA;NA;NA;NA;NA;NA;NA;NA;NA;NA;NA;NA;NA;NA;NA;NA;NA;NA;NA;NA;NA;NA;NA;NA;NA;NA;45224,5240046296;45225,5656597222;24,9997222220991;10;"5.0000000000000001E-3";"0.01";"13kHz";382794;9964774;NA;NA;NA
"PL";"PLP";2023-11-01;2023-11-03;"L3";"Horizontal";"Orthogonal";"Ground";"Vegetation";"Open";NA;"Miscanthidium";NA;NA;NA;NA;NA;NA;NA;NA;NA;NA;NA;NA;NA;NA;NA;NA;NA;NA;NA;NA;NA;NA;NA;NA;NA;NA;NA;NA;NA;NA;NA;NA;NA;NA;NA;45231,5091203704;45232,5785532407;25,6663888888434;10;"5.0000000000000001E-3";"0.01";"13kHz";382794;9964774;NA;NA;NA
"PL";"PLP";2023-11-08;2023-11-10;"L3";"Horizontal";"Orthogonal";"Ground";"Vegetation";"Open";NA;"Miscanthidium";NA;NA;NA;NA;NA;NA;NA;NA;NA;NA;NA;NA;NA;NA;NA;NA;NA;NA;NA;NA;NA;NA;NA;NA;NA;NA;NA;NA;NA;NA;NA;NA;NA;NA;NA;45238,5060416667;45239,8601967593;32,4997222222737;10;"5.0000000000000001E-3";"0.01";"13kHz";382794;9964774;NA;NA;NA
"PL";"PLP";2023-11-15;2023-11-17;"L3";"Horizontal";"Orthogonal";"Ground";"Vegetation";"Open";NA;"Miscanthidium";NA;NA;NA;NA;NA;NA;NA;NA;NA;NA;NA;NA;NA;NA;NA;NA;NA;NA;NA;NA;NA;NA;NA;NA;NA;NA;NA;NA;NA;NA;NA;NA;NA;NA;NA;45245,5548611111;45246,8326273148;30,6663888889016;10;"5.0000000000000001E-3";"0.01";"13kHz";382794;9964774;"Flooded";NA;NA
"PL";"PLP";2023-11-22;2023-11-24;"L3";"Horizontal";"Orthogonal";"Ground";"Vegetation";"Open";NA;"Miscanthidium";NA;NA;NA;NA;NA;NA;NA;NA;NA;NA;NA;NA;NA;NA;NA;NA;NA;NA;NA;NA;NA;NA;NA;NA;NA;NA;NA;NA;NA;NA;NA;NA;NA;NA;NA;45252,645625;45253,9928356481;32,3330555555876;10;"5.0000000000000001E-3";"0.01";"13kHz";382794;9964774;"Electrode-holding stick was moved, possibly due to the storm";NA;NA
"PL";"PLP";2023-11-27;2023-11-29;"L3";"Horizontal";"Orthogonal";"Ground";"Vegetation";"Open";NA;"Miscanthidium";NA;NA;NA;NA;NA;NA;NA;NA;NA;NA;NA;NA;NA;NA;NA;NA;NA;NA;NA;NA;NA;NA;NA;NA;NA;NA;NA;NA;NA;NA;NA;NA;NA;NA;NA;45257,56875;45258,8812384259;31,4997222223319;10;"5.0000000000000001E-3";"0.01";"13kHz";382794;9964774;NA;NA;NA
"PL";"PLP";2023-10-18;2023-10-20;"L4";"Horizontal";"Orthogonal";"Surface";"Vegetation";"Open";NA;"Miscanthidium";NA;NA;NA;26,3;25;25;4,5;4,9;4,9;3,32;3,45;3,4;9;9;9;40;73;73,5;1,595;22,4;22,4;22,3;4,2;3,5;3,6;3,61;3,59;3,89;10;10;10;46;78,5;77;2,365;45217,540162037;45218,8526851852;31,5005555555108;10;"5.0000000000000001E-3";"0.01";"13kHz";382794;9964774;NA;2023-10-18 14:29:00;2023-10-20 08:56:00
"PL";"PLP";2023-10-25;2023-10-27;"L4";"Horizontal";"Orthogonal";"Surface";"Vegetation";"Open";NA;"Miscanthidium";NA;NA;NA;24,5;24,4;24,8;7,2;5;6,6;3,56;3,52;3,62;8;8;8;71;76;75;1,14;23,5;23,2;23,3;4,5;3,1;3,2;3,75;3,94;4,3;10;9;8;55;77,5;73;0,92;45224,5219560185;45225,5497222222;24,6663888889016;10;"5.0000000000000001E-3";"0.01";"13kHz";382794;9964774;NA;2023-10-25 13:50:20;2023-10-27 09:33:00
"PL";"PLP";2023-11-01;2023-11-03;"L4";"Horizontal";"Orthogonal";"Surface";"Vegetation";"Open";NA;"Miscanthidium";NA;NA;NA;24,9;24,3;24,3;10,8;4,6;6,3;3,48;3,47;3,45;8;8;8;43;80;80;2,635;22,8;22,5;22,4;5,4;3,3;4,6;4,31;4,2;3,95;8;8;8;44;83;80;0,96;45231,5090162037;45232,5429976852;24,8155555556878;10;"5.0000000000000001E-3";"0.01";"13kHz";382794;9964774;"Lost time - corrected via crosscorrelation with L3 file";2023-11-01 13:08:00;2023-11-03 09:16:20
"PL";"PLP";2023-11-08;2023-11-10;"L4";"Horizontal";"Orthogonal";"Surface";"Vegetation";"Open";NA;"Miscanthidium";NA;NA;NA;23,4;23,2;23,1;28,8;21,5;15,9;3,74;3,8;3,94;8;8;8;43;91;86;1,795;23,7;23,6;23,6;11;7,4;7,1;3,71;3,79;3,92;8;9;8;92;91;84;1,97;45238,5087152778;45239,6823263889;28,1666666666279;10;"5.0000000000000001E-3";"0.01";"13kHz";382794;9964774;"Lost time, deleted the same number of files as for logger 3; crosscorr with L3 file, new timestamp: 08/11/2023  12:12:33";2023-11-08 12:38:20;2023-11-10 06:40:40
"PL";"PLP";2023-11-22;2023-11-24;"L4";"Horizontal";"Orthogonal";"Surface";"Vegetation";"Open";NA;"Miscanthidium";NA;NA;NA;26,8;26,7;26,1;65,2;65;35,4;4,03;4,06;4,74;9;9;9;90;100;99;1,315;24,4;24,4;24,5;31,6;25;17,8;4,33;4,33;4,39;9;9;9;107;110;100;1,22;45252,6456597222;45253,9164814815;30,4997222222155;10;"5.0000000000000001E-3";"0.01";"13kHz";382794;9964774;"Electrode-holding stick was moved, possibly due to the storm";2023-11-22 15:32:20;2023-11-24 11:11:40
"PL";"PLP";2023-11-27;2023-11-29;"L4";"Horizontal";"Orthogonal";"Surface";"Vegetation";"Open";NA;"Miscanthidium";NA;NA;NA;27,2;27,1;26,3;57,9;54,9;44,2;4,48;4,46;4,48;9;10;10;112;106;100;1,24;23,4;23,3;23,3;5,6;5,9;4,7;3,22;3,24;3,23;11;10;10;112;108;106;1,7;45257,5703703704;45258,8411921296;30,4997222222155;10;"5.0000000000000001E-3";"0.01";"13kHz";382794;9964774;NA;2023-11-27 13:41:00;2023-11-29 09:23:20
"PL";"PLS";2023-10-25;2023-10-27;"L10";"Horizontal";"Parallel";"Below_surface";"Open";"Cover";NA;NA;NA;NA;NA;24,6;24,6;24,6;14,9;15;15;3,62;3,67;3,64;8;8;7;40;33;30;1,48;25,3;25;24,8;15,1;14,9;14,9;4,42;4,21;3,95;8;9;9;43;26;33;1,735;45224,5324421296;45225,1713425926;15,3336111110402;10;"5.0000000000000001E-3";"0.01";"13kHz";382782;9964814;"Only recorded until 3am";2023-10-25 13:55:00;2023-10-27 09:47:20
"PL";"PLS";2023-11-01;2023-11-03;"L10";"Horizontal";"Parallel";"Below_surface";"Open";"Cover";NA;NA;NA;NA;NA;25,3;25;24,8;17;16,6;16,6;4,08;3,54;3,44;8;8;8;51;36;34;2,24;22,5;22,5;22,6;10,6;10,3;10,2;3,97;3,99;4,08;8;8;8;52;33;33;4,455;45231,5178472222;45232,5873032407;25,6669444443542;10;"5.0000000000000001E-3";"0.01";"13kHz";382782;9964814;NA;2023-11-01 12:59:20;2023-11-03 09:08:00
"PL";"PLS";2023-11-08;2023-11-10;"L10";"Horizontal";"Parallel";"Below_surface";"Open";"Cover";NA;NA;NA;NA;NA;22,9;22,9;22,8;22,8;21,3;21,4;3,77;3,82;3,83;8;8;8;57;44;31;2,225;23,6;23,5;23,5;13,9;12,2;12;3,84;3,52;3,57;8;8;8;67;44;49;7,275;45238,5124074074;45239,8249305556;31,5005555556854;10;"5.0000000000000001E-3";"0.01";"13kHz";382782;9964814;NA;2023-11-08 12:41:40;2023-11-10 09:26:40
"PL";"PLS";2023-11-15;2023-11-17;"L10";"Horizontal";"Parallel";"Below_surface";"Open";"Cover";NA;NA;NA;NA;NA;23,9;23,9;23,8;24,8;24,6;25,1;3,72;3,76;3,79;9;9;9;65;65;63;0,84;22,8;22,8;22,8;24,8;24,6;24,9;4,27;4,37;4,42;9;9;9;77;67;73;1,445;45245,5497222222;45246,8553009259;31,3338888888247;10;"5.0000000000000001E-3";"0.01";"13kHz";382782;9964814;NA;2023-11-15 14:08:00;2023-11-17 10:33:20
"PL";"PLS";2023-11-22;2023-11-24;"L10";"Horizontal";"Parallel";"Below_surface";"Open";"Cover";NA;NA;NA;NA;NA;26,3;26;26;39,4;39,9;40;4,35;4,21;4,21;9;9;9;66;84;89;1,13;25;24,7;24,6;23,5;23,8;23,6;4,61;4,3;3,8;10;10;10;84;98;93;1,935;45252,6318171296;45253,9582407407;31,8341666667257;10;"5.0000000000000001E-3";"0.01";"13kHz";382782;9964814;NA;2023-11-22 15:27:20;2023-11-24 11:01:40
"PL";"PLS";2023-11-27;2023-11-29;"L10";"Horizontal";"Parallel";"Below_surface";"Open";"Cover";NA;NA;NA;NA;NA;26,6;26,5;26,4;35,5;36;36;4,38;4,24;4,2;10;10;10;84;85;82;2,34;23,6;23,6;23,6;7,3;6,9;6,9;3,65;3,79;3,76;11;10;11;79;83;87;1,635;45257,5621643519;45258,8608101852;31,1674999999814;10;"5.0000000000000001E-3";"0.01";"13kHz";382782;9964814;NA;2023-11-27 13:25:20;2023-11-29 09:14:00
"SL";"SLP";2023-10-11;2023-10-13;"L1";"Horizontal";"Orthogonal";"Surface";"Vegetation";"Open";NA;"Miscanthidium";NA;NA;NA;26;NA;NA;38,8;NA;NA;4,31;NA;NA;9;NA;NA;100;NA;NA;1,85;27,4;27,1;26,7;31,6;31,3;28,3;5,17;5,25;4,96;13;12;10;28;76;100;NA;45210,7111574074;45212,1139236111;33,6663888889016;10;"5.0000000000000001E-3";"0.01";"13kHz";382134;9964854;NA;2023-10-11 16:50:00;2023-10-13 12:22:40
"SL";"SLP";2023-10-18;2023-10-20;"L1";"Horizontal";"Orthogonal";"Surface";"Vegetation";"Open";NA;"Miscanthidium";NA;NA;NA;27,6;NA;NA;27,6;NA;NA;4,32;NA;NA;8;NA;NA;91;NA;NA;3,56;23,9;NA;NA;37,7;NA;NA;4,14;NA;NA;8;NA;NA;58;NA;NA;4,3275;45217,5120023148;45218,7619791667;29,9994444444892;10;"5.0000000000000001E-3";"0.01";"13kHz";382134;9964854;NA;2023-10-18 13:40:00;2023-10-20 09:30:00
"SL";"SLP";2023-10-25;2023-10-27;"L1";"Horizontal";"Orthogonal";"Surface";"Vegetation";"Open";NA;"Miscanthidium";NA;NA;NA;27,8;NA;NA;22,2;NA;NA;4,78;NA;NA;9;NA;NA;74;NA;NA;2,3375;27,1;NA;NA;27,1;NA;NA;4,56;NA;NA;8;NA;NA;89;NA;NA;1,9425;45224,5563310185;45225,4452083333;21,3330555555294;10;"5.0000000000000001E-3";"0.01";"13kHz";382134;9964854;NA;2023-10-25 13:30:00;2023-10-27 10:11:00
"SL";"SLP";2023-11-01;2023-11-03;"L1";"Horizontal";"Orthogonal";"Surface";"Vegetation";"Open";NA;"Miscanthidium";NA;NA;NA;25,4;NA;NA;23,5;NA;NA;4,23;NA;NA;8;NA;NA;100;NA;NA;3,4325;22,4;NA;NA;16,4;NA;NA;4,44;NA;NA;8;NA;NA;73,5;NA;NA;2,555;45231,5280439815;45232,5696990741;24,9997222222737;10;"5.0000000000000001E-3";"0.01";"13kHz";382134;9964854;NA;2023-11-01 12:27:00;2023-11-03 09:38:00
"SL";"SLP";2023-11-08;2023-11-10;"L1";"Horizontal";"Orthogonal";"Surface";"Vegetation";"Open";NA;"Miscanthidium";NA;NA;NA;24,8;NA;NA;39,7;NA;NA;4,73;NA;NA;9;NA;NA;96;NA;NA;1,365;23,7;NA;NA;14,9;NA;NA;4,2;NA;NA;8;NA;NA;92;NA;NA;3,635;45238,527962963;45239,8335069444;31,3330555554712;10;"5.0000000000000001E-3";"0.01";"13kHz";382134;9964854;NA;2023-11-08 12:13:00;2023-11-10 09:08:00
"SL";"SLP";2023-11-15;2023-11-17;"L1";"Horizontal";"Orthogonal";"Surface";"Vegetation";"Open";NA;"Miscanthidium";NA;NA;NA;24,2;NA;NA;29,3;NA;NA;4,4;NA;NA;8;NA;NA;121;NA;NA;1,475;23,4;NA;NA;37,8;NA;NA;4,49;NA;NA;11;NA;NA;104;NA;NA;1,58;45245,5827662037;45246,7424884259;27,8333333332557;10;"5.0000000000000001E-3";"0.01";"13kHz";382134;9964854;"Lost time, crosscorr with L2 file, new timestamp: 15/11/2023  13:59:11";2023-11-15 13:30:00;2023-11-17 11:11:00
"SL";"SLP";2023-11-22;2023-11-24;"L1";"Horizontal";"Orthogonal";"Surface";"Vegetation";"Open";NA;"Miscanthidium";NA;NA;NA;28;NA;NA;78,6;NA;NA;5,23;NA;NA;11;NA;NA;106;NA;NA;1,72;24,2;NA;NA;29,9;NA;NA;4,2;NA;NA;11;NA;NA;132;NA;NA;1,715;45252,6803009259;45253,8747337963;28,666388889018;10;"5.0000000000000001E-3";"0.01";"13kHz";382134;9964854;"Logger has surfaced - check light logger data";2023-11-22 16:00:00;2023-11-24 10:30:00
"SL";"SLP";2023-11-27;2023-11-29;"L1";"Horizontal";"Orthogonal";"Surface";"Vegetation";"Open";NA;"Miscanthidium";NA;NA;NA;27,2;NA;NA;38,5;NA;NA;4,64;NA;NA;11;NA;NA;131;NA;NA;1,395;22,7;NA;NA;5,4;NA;NA;3,91;NA;NA;12;NA;NA;129;NA;NA;1,345;45257,5973726852;45258,79875;28,8330555555294;10;"5.0000000000000001E-3";"0.01";"13kHz";382134;9964854;NA;2023-11-27 14:03:00;2023-11-29 09:42:00
"SL";"SLP";2023-10-11;2023-10-13;"L2";"Horizontal";"Orthogonal";"Ground";"Vegetation";"Open";NA;"Miscanthidium";NA;NA;NA;NA;NA;NA;NA;NA;NA;NA;NA;NA;NA;NA;NA;NA;NA;NA;NA;NA;NA;NA;NA;NA;NA;NA;NA;NA;NA;NA;NA;NA;NA;NA;NA;45210,6201736111;45211,9465509259;31,8330555555294;10;"5.0000000000000001E-3";"0.01";"13kHz";382134;9964854;"Phase-locking / co-bursting!";NA;NA
"SL";"SLP";2023-10-18;2023-10-20;"L2";"Horizontal";"Orthogonal";"Ground";"Vegetation";"Open";NA;"Miscanthidium";NA;NA;NA;NA;NA;NA;NA;NA;NA;NA;NA;NA;NA;NA;NA;NA;NA;NA;NA;NA;NA;NA;NA;NA;NA;NA;NA;NA;NA;NA;NA;NA;NA;NA;NA;45217,5120833333;45218,8384490741;31,8327777776867;10;"5.0000000000000001E-3";"0.01";"13kHz";382134;9964854;NA;NA;NA
"SL";"SLP";2023-10-25;2023-10-27;"L2";"Horizontal";"Orthogonal";"Ground";"Vegetation";"Open";NA;"Miscanthidium";NA;NA;NA;NA;NA;NA;NA;NA;NA;NA;NA;NA;NA;NA;NA;NA;NA;NA;NA;NA;NA;NA;NA;NA;NA;NA;NA;NA;NA;NA;NA;NA;NA;NA;NA;45224,5622916667;45225,5484143519;23,6669444444706;10;"5.0000000000000001E-3";"0.01";"13kHz";382134;9964854;NA;NA;NA
"SL";"SLP";2023-11-01;2023-11-03;"L2";"Horizontal";"Orthogonal";"Ground";"Vegetation";"Open";NA;"Miscanthidium";NA;NA;NA;NA;NA;NA;NA;NA;NA;NA;NA;NA;NA;NA;NA;NA;NA;NA;NA;NA;NA;NA;NA;NA;NA;NA;NA;NA;NA;NA;NA;NA;NA;NA;NA;45231,529537037;45232,7934375;30,3336111110402;10;"5.0000000000000001E-3";"0.01";"13kHz";382134;9964854;NA;NA;NA
"SL";"SLP";2023-11-08;2023-11-10;"L2";"Horizontal";"Orthogonal";"Ground";"Vegetation";"Open";NA;"Miscanthidium";NA;NA;NA;NA;NA;NA;NA;NA;NA;NA;NA;NA;NA;NA;NA;NA;NA;NA;NA;NA;NA;NA;NA;NA;NA;NA;NA;NA;NA;NA;NA;NA;NA;NA;NA;45238,5283333333;45240,0978009259;37,6672222221969;10;"5.0000000000000001E-3";"0.01";"13kHz";382134;9964854;NA;NA;NA
"SL";"SLP";2023-11-15;2023-11-17;"L2";"Horizontal";"Orthogonal";"Ground";"Vegetation";"Open";NA;"Miscanthidium";NA;NA;NA;23,7;NA;NA;9,1;NA;NA;NA;NA;NA;NA;NA;NA;NA;NA;NA;NA;23,1;NA;NA;5,5;NA;NA;NA;NA;NA;NA;NA;NA;NA;NA;NA;NA;45245,5823032407;45247,1517708333;37,6672222221969;10;"5.0000000000000001E-3";"0.01";"13kHz";382134;9964854;NA;2023-11-15 13:31:00;2023-11-17 11:19:00
"SL";"SLP";2023-11-22;2023-11-24;"L2";"Horizontal";"Orthogonal";"Ground";"Vegetation";"Open";NA;"Miscanthidium";NA;NA;NA;25,5;NA;NA;7,6;NA;NA;NA;NA;NA;NA;NA;NA;NA;NA;NA;NA;23,9;NA;NA;8,4;NA;NA;NA;NA;NA;NA;NA;NA;NA;NA;NA;NA;45252,6734027778;45253,9859259259;31,5005555555108;10;"5.0000000000000001E-3";"0.01";"13kHz";382134;9964854;NA;2023-11-22 16:01:00;2023-11-24 10:31:00
